,age,annual_income,tenure_years,product_count,credit_score,digital_engagement,complaint_count,satisfaction_score,account_count,total_account_balance,transaction_count,total_transaction_amount,loan_count,total_loan_amount,credit_card_count,avg_utilization_ratio,interaction_count,estimated_customer_value,retention_risk_score,churned
age,1.0,-0.005871970570229387,0.0014523527346408127,-0.016590576811743127,-0.014750185529881938,-0.006619601783936268,-0.014049853339582164,-0.005258575217757371,0.000535966788054171,0.011903669561738682,0.0005361793668630358,0.01934264923368148,-0.00030490002294182686,0.003286818998233277,-0.0037632010767568507,-0.006659448988156499,0.0016518937192997363,0.012168653635884857,0.01030240058179848,0.006625601624361099
annual_income,-0.005871970570229387,1.0,0.007675149240940675,0.005806723335750867,-0.00993342315552975,-0.0003517457386016897,0.003343008192591231,-0.004391799570116697,-0.006266269107235049,0.30604154289037094,0.008237051588159404,0.015540057921469386,-0.00736507833819982,-0.012936592547665908,-0.00991580912048641,-0.003485772695885241,0.008609588967310898,0.30303244682424085,0.0004291955204779114,-0.02186818654364156
tenure_years,0.0014523527346408127,0.007675149240940675,1.0,0.0047259834546699055,-0.011985391338310884,0.016169984694236566,-0.001125033013873147,-0.0051970643598414365,0.007684148236693065,0.005088013832526255,9.023965130259882e-05,0.009646585890727572,-0.016161431070593184,-0.005266190062201504,-0.013668507873764616,-0.012548709515110558,0.00787081456602511,0.004286528858473217,-3.536623627130021e-05,-0.005228772828094779
product_count,-0.016590576811743127,0.005806723335750867,0.0047259834546699055,1.0,0.005900079460880987,0.005734201377782706,0.00106080620483521,0.004044260263200566,0.00427014177260481,0.0027075201565596742,0.0036967916140091574,-0.002181567873624473,0.0022130430034667335,-0.003221408710760764,-0.011771538731033012,-0.0010207280350467676,0.003596369201755208,0.00202422756107719,-0.0009267853792794715,-0.048190321250961884
credit_score,-0.014750185529881938,-0.00993342315552975,-0.011985391338310884,0.005900079460880987,1.0,-0.002468398098612539,-0.012310886966488915,0.01746938697068344,0.004220612087282022,0.012849582625470111,-0.007908587413259888,-0.017949416425246185,-0.0003558747386255394,0.0008009952983813617,0.009827599097481177,0.015131654426663189,-0.0006356951477419497,0.013102227676568629,-0.33332833456296773,0.0012637899702547986
digital_engagement,-0.006619601783936268,-0.0003517457386016897,0.016169984694236566,0.005734201377782706,-0.002468398098612539,1.0,0.018531261393005632,-0.004194158869487512,-0.0076468257202471634,-0.0033261464691697563,-0.011083397355774748,-0.0061995120477949354,0.0004149440223210185,-0.001353473334292933,-0.019239600620828697,-0.012104715803569378,0.0043966361361591514,-0.004159872560739966,0.0005656863724674273,-0.02309103344634047
complaint_count,-0.014049853339582164,0.003343008192591231,-0.001125033013873147,0.00106080620483521,-0.012310886966488915,0.018531261393005632,1.0,-0.2049185181385225,-0.0015959737576132114,0.001844720190622001,0.01993313489753102,0.015087508035954425,0.008867310412071899,0.0067558267776717685,0.005370071933701628,0.0066507202009178645,-0.015061056336657079,0.0024397345632318434,0.38140278832966823,0.035585626737155006
satisfaction_score,-0.005258575217757371,-0.004391799570116697,-0.0051970643598414365,0.004044260263200566,0.01746938697068344,-0.004194158869487512,-0.2049185181385225,1.0,-0.000208647396569854,-0.01113101018627118,-0.008543597342156066,-0.01109959449402101,-0.014678492313943678,0.0028509851660783792,-0.0008921681963680767,0.005586243580067647,-0.017335440720369646,-0.010636387016061025,-0.7111807828239429,-0.026313064855111118
account_count,0.000535966788054171,-0.006266269107235049,0.007684148236693065,0.00427014177260481,0.004220612087282022,-0.0076468257202471634,-0.0015959737576132114,-0.000208647396569854,1.0,0.39426485872946077,-0.007479833184502381,0.006159978999139042,-0.0009641539200266115,-0.005867948144247416,0.002801203498564782,0.010387602710561777,-0.0031127871996031327,0.3924643089010492,0.0003661534443539505,0.01089480986763973
total_account_balance,0.011903669561738682,0.30604154289037094,0.005088013832526255,0.0027075201565596742,0.012849582625470111,-0.0033261464691697563,0.001844720190622001,-0.01113101018627118,0.39426485872946077,1.0,0.003567659504952808,0.0285746892211513,-0.0017775088304177586,0.003972386649896312,0.0009218678215645113,0.017364503452576032,-0.005187965439906049,0.996358547210838,0.0017898650566692278,-0.008637769176223574
transaction_count,0.0005361793668630358,0.008237051588159404,9.023965130259882e-05,0.0036967916140091574,-0.007908587413259888,-0.011083397355774748,0.01993313489753102,-0.008543597342156066,-0.007479833184502381,0.003567659504952808,1.0,0.3907910193264137,-0.01011466878755681,-0.0033985338236132683,-0.008877737051400868,-0.003931802598694861,-0.01331096946616155,0.0049451262920289655,0.0033944167599135825,0.008626523543401241
total_transaction_amount,0.01934264923368148,0.015540057921469386,0.009646585890727572,-0.002181567873624473,-0.017949416425246185,-0.0061995120477949354,0.015087508035954425,-0.01109959449402101,0.006159978999139042,0.0285746892211513,0.3907910193264137,1.0,0.0028427910544747436,0.0020298304146231286,-0.002890740337742645,0.004077781545714601,-0.006655804351620796,0.03260183571156906,0.018985113515203756,-0.011554681695311316
loan_count,-0.00030490002294182686,-0.00736507833819982,-0.016161431070593184,0.0022130430034667335,-0.0003558747386255394,0.0004149440223210185,0.008867310412071899,-0.014678492313943678,-0.0009641539200266115,-0.0017775088304177586,-0.01011466878755681,0.0028427910544747436,1.0,0.7137575070604484,0.009700816453015437,0.000500292110892548,-0.005306687088246186,0.0538493973501022,0.008853567516261726,0.016567684541209566
total_loan_amount,0.003286818998233277,-0.012936592547665908,-0.005266190062201504,-0.003221408710760764,0.0008009952983813617,-0.001353473334292933,0.0067558267776717685,0.0028509851660783792,-0.005867948144247416,0.003972386649896312,-0.0033985338236132683,0.0020298304146231286,0.7137575070604484,1.0,0.010037679193215469,-0.002705606574770846,-0.00899762419782957,0.08179076237728139,-0.011274494506255653,-0.0049897770407310435
credit_card_count,-0.0037632010767568507,-0.00991580912048641,-0.013668507873764616,-0.011771538731033012,0.009827599097481177,-0.019239600620828697,0.005370071933701628,-0.0008921681963680767,0.002801203498564782,0.0009218678215645113,-0.008877737051400868,-0.002890740337742645,0.009700816453015437,0.010037679193215469,1.0,0.6410811328055926,-0.004011370369079166,0.028854682565025408,0.003144467388105409,0.009950428115152291
avg_utilization_ratio,-0.006659448988156499,-0.003485772695885241,-0.012548709515110558,-0.0010207280350467676,0.015131654426663189,-0.012104715803569378,0.0066507202009178645,0.005586243580067647,0.010387602710561777,0.017364503452576032,-0.003931802598694861,0.004077781545714601,0.000500292110892548,-0.002705606574770846,0.6410811328055926,1.0,0.0005037780555648041,0.03444352622414401,0.022788524182287564,-0.014331973935480082
interaction_count,0.0016518937192997363,0.008609588967310898,0.00787081456602511,0.003596369201755208,-0.0006356951477419497,0.0043966361361591514,-0.015061056336657079,-0.017335440720369646,-0.0031127871996031327,-0.005187965439906049,-0.01331096946616155,-0.006655804351620796,-0.005306687088246186,-0.00899762419782957,-0.004011370369079166,0.0005037780555648041,1.0,-0.006046611504372019,-0.0010423243916385027,-0.00015612374950090127
estimated_customer_value,0.012168653635884857,0.30303244682424085,0.004286528858473217,0.00202422756107719,0.013102227676568629,-0.004159872560739966,0.0024397345632318434,-0.010636387016061025,0.3924643089010492,0.996358547210838,0.0049451262920289655,0.03260183571156906,0.0538493973501022,0.08179076237728139,0.028854682565025408,0.03444352622414401,-0.006046611504372019,1.0,0.0007783823907582806,-0.008656780986945512
retention_risk_score,0.01030240058179848,0.0004291955204779114,-3.536623627130021e-05,-0.0009267853792794715,-0.33332833456296773,0.0005656863724674273,0.38140278832966823,-0.7111807828239429,0.0003661534443539505,0.0017898650566692278,0.0033944167599135825,0.018985113515203756,0.008853567516261726,-0.011274494506255653,0.003144467388105409,0.022788524182287564,-0.0010423243916385027,0.0007783823907582806,1.0,0.047575935566870904
churned,0.006625601624361099,-0.02186818654364156,-0.005228772828094779,-0.048190321250961884,0.0012637899702547986,-0.02309103344634047,0.035585626737155006,-0.026313064855111118,0.01089480986763973,-0.008637769176223574,0.008626523543401241,-0.011554681695311316,0.016567684541209566,-0.0049897770407310435,0.009950428115152291,-0.014331973935480082,-0.00015612374950090127,-0.008656780986945512,0.047575935566870904,1.0
